name,bouts,KO %
ROAMER ALEXIS ANGULO,27,81.5
ALFREDO ANGULO,30,63.3
EFETOBOR APOCHI,3,100
FRED APOSTOLI,72,43.1
STEVE AQUILINA,22,27.3
IGNACIO ARA,191,33.7
ART ARAGON,116,53.4
DANIJEL ARANDELOVIC,1,0
FERNANDO JAVIER ARAUJO,1,0
GEORGE ARAUJO,68,48.5
BRUNO ARCARI,73,52.1
LUCAS DAMIAN ARCE,1,0
DANIELA ARENA,3,0
LUCAS ARGANARAZ,1,0
LUCAS RAMON ARGANARAZ,5,40
MELVIN ARGUEDAS ARGUEDAS,1,0
ALEXIS ARGUELLO,85,72.9
LUIS ARIAS,21,40.9
JOHN ARMIJO,28,35.7
HENRY ARMSTRONG,181,55.8
RICARDO ARREDONDO,100,57
BRIAN AGUSTIN ARREGUI,4,75
CHRIS ARREOLA,45,70.2
WALTER PEANUTS ARSENAULT,48,10.4
FIRAT ARSLAN,60,55
ANDY AARON ARTEAGA,1,0
LINDA KAREN ASENCIO,1,0
FRANK ATU,30,53.3
EMANUEL AUGUSTUS,78,25.6
CAMILA AVACA,3,0
DAVID AVANESYAN,28,43.3
ARUTYUN AVETISYAN,8,75
LEONEL EDUARDO AVILA,5,20
FEDERICO NAHUEL AVILA,1,100
MAXIMILIANO AVILA,3,0
GASTON AYALA,8,12.5
PATIMA AYSHALOVA,1,0
AMADO AZAR,66,33.3
GUSTAVO MARTIN BACHELLA,1,0
NICOLAS EDUARDO BAEZ,1,0
MARCELO ALEJANDRO BAEZ,1,0
LEONARDO BAEZ,7,42.9
EDUARDO BAEZ,4,0
GUIDO BAGNASCO,1,0
MARKLIN BAILEY,5,60
JIMMY BAKER,35,28.6
JAIME BALBOA,94,64.9
JUAN DAVID BALBUENA,4,50
CARLOS MANUEL BALDOMIR,71,21.1
D'MITRIUS BALLARD,8,55.6
ADAM BALSKI,12,66.7
FUNSO BANJO,18,33.3
WAYNE BANNISTER,23,52.2
CHARLES BAOU,39,71.8
DAVID BAPTISTE,30,16.7
IVAN BARANCHYK,21,59.1
ABASS BARAOU,10,60
ARNOLD BARBOZA JR,23,38.5
PAMELA BARKER,7,42.9
IRAN BARKLEY,63,42.9
LARRY BARNES,47,35.4
SULLIVAN BARRERA,25,56
MARCO ANTONIO BARRERA,74,58.7
ZELFA BARRETT,1,0
CESAR MIGUEL BARRIONUEVO,42,56.8
MARIO BARRIOS,24,66.7
ISMAEL BARROSO,26,77.8
RANCES BARTHELEMY,30,45.2
ZAUR ABDULLAEV,9,50
QUDRATILLO ABDUQAXOROV,18,52.6
ELNUR ABDURAIMOV,1,100
REIYA ABE,19,42.1
ARTHUR ABRAHAM,53,56.6
VICTOR ABRAHAM,39,20.5
GEORGIE ABRAMS,61,14.8
JOSE HUGO ACEVEDO,14,57.1
BRUNO HERNAN ACOSTA,1,100
JESUS ALBERTO ACOSTA CARREON,1,0
CARLOS ADAMES,1,100
BRANDON ADAMS,24,54.2
SIMON PIERRE ADDE,1,0
SIMON ESTEBAN AGATI,1,0
JOSEPH AGBEKO,41,63.4
PEDRO AGOSTO,44,50
LORENA EDITH AGOUTBORDE,7,14.3
AILEN AGROBERT,2,0
JOSUE FRANCISCO AGUERO,1,100
WALTER IVAN AGUILAR,3,0
IAN AGUILERA,2,0
LUCAS AGUILERA,1,0
MARIANNE AHLBORG,3,0
IVAN ISRAEL AIBAR,4,0
PRINCE BADI AJAMU,31,48.4
RYO AKAHO,37,56.8
MURODJON AKHMADALIEV,8,66.7
SADRIDDIN AKHMEDOV,10,90
YOMAR ALAMO,6,83.3
ALEXIS EZEQUIEL ALANIS,4,50
GABRIELA CELESTE ALANIZ,13,38.5
DODOY ALAPORMINA,25,0
EDUARDO DARIO ALCAPAN,1,0
CRISTIAN FACUNDO ALCARAZ,12,50
IMMANUWEL ALEEM,23,47.8
RAEESE ALEEM,5,40
OLIAN ALEXANDER,34,52.9
LARRY ALEXANDER,46,48.9
DEVON ALEXANDER,35,40
MIKHAIL ALEXEEV,10,30
SANTOS ALFARO,1,0
CHRIS ALGIERI,27,33.3
MUHAMMAD ALI,61,60.7
SADAM ALI,30,46.7
DANIEL ALICEA,39,56.4
TERRENCE ALLI,69,30
EVERLIDES ESTER ALTAMAR,5,0
CHRIS ALVARADO,19,31.6
RENE ALVARADO,40,52.5
ARMANDO ALVAREZ,22,54.5
SAUL ALVAREZ,57,63.2
ERICA JUANA GABRIELA ALVAREZ,6,0
ELEIDER ALVAREZ,27,48.1
ALEX AMADOR,57,10.5
LOU AMBERS,106,26.4
LEONARDO FABIO AMITRANO,21,28.6
JONATHAN AMITRANO,2,0
DEREK AMOS,43,20.9
HENRY ANAYA JR.,21,52.4
JERWIN ANCAJAS,35,62.9
BRIAN ANDERSON,39,35.9
TIM ANDERSON,44,29.5
CHRISTIAN NICOLAS ANDINO,18,10.5
DEMETRIUS ANDRADE,29,60
ROMAN ANDREEV,22,68.2
JEVGENIJS ANDREJEVS,71,4.2
WALLY ANGLISS,21,4.8
SAMMY ANGOTT,131,16.8
CARMEN BASILIO,79,34.2
JOSE BASORA,105,41.5
FIDEL BASSA,24,62.5
PERCY BASSETT,77,53.2
HOGAN KID BASSEY,74,28.4
YOLIMAR DEL VALLE BASTARDO,1,0
MATHIEU BAUDERLIQUE,19,52.6
SANTIAGO BAZAN,2,0
MALIK BAZILLE,5,0
ERIK BAZINYAN,24,70.8
OWEN BECK,42,47.6
KENDALL BEJARANO MIRANDA,1,0
CONSTANTIN BEJENARU,8,22.2
TIMEA BELIK,8,12.5
ROSCOE BELL,74,17.6
ALBERT BELL,7,14.3
TONY BELLEW,34,58.8
STEVE BELLOISE,111,53.2
MIKE BELLOISE,132,15.9
RAYMUNDO BELTRAN,46,46.8
JOSE BENAVIDEZ,28,64.3
VICTORIA BENAVIDEZ,5,0
ALFREDO GASTON BENAVIDEZ,4,50
DAVID BENAVIDEZ,23,87
MOHAMED BENGUESMIA,44,75
CONOR BENN,15,64.7
NICKY BENTZ,45,64.4
NINO BENVENUTI,90,38.9
ANISSA BENYOUB,1,0
TREVOR BERBICK,61,54.1
MIGUEL BERCHELT,39,85
JACK 'KID' BERG,192,31.8
DENYS BERINCHYK,13,53.8
EDGAR BERLANGA,4,60
VICTOR JOSE BERRIO,1,0
ANDRE BERTO,38,61.5
MARIANO JORGE BERTOLA,4,0
ARTUR BETERBIEV,15,93.8
MELIO BETTINA,100,36
MICKEY BEY,26,37
BOBBY BICKLE,53,51.9
VICTOR BISBAL,26,61.5
JIMMY BIVINS,112,27.7
DMITRY BIVOL,17,64.7
LENNOX BLACKMOORE,30,46.7
ALEX BLANCHARD,48,68.8
NICOLAS BLANCO,3,0
CRISTIAN BLANCO,1,0
WALTER BLANCO,5,20
JUAN SERGIO BOADA,1,0
RODNEY BOBICK,44,40.9
DOMINIC BOESEL,31,36.4
MATIAS BOGADO,2,0
KENNY BOGNER,28,57.1
TOM BOGS,86,28.7
SERHII BOHACHUK,1,100
GABRIEL BOISE,5,40
BOGLARKA BOJER,2,0
NELSON BOLANOS,42,54.8
ENRIQUE BOLANOS,106,41.5
CESAR BOLANOS RODRIGUEZ,1,0
FRANCISCO BOLIVAR,21,28.6
RICARDS BOLOTNIKS,8,37.5
ALAN BONCAMPAGNI,2,0
LARRY BONDS,37,29.7
MARTIN NAHUEL BONISCONTRO,1,0
EDDIE BOOKER,79,43
ERIC BOON,119,51.7
TONY BOOTH,166,7.2
WILLIE BOOTH,46,15.2
LUCAS IGNACIO BORGES,1,0
SILVIA BORTOT,2,50
JAMESON BOSTIC,28,46.4
JOHNNY BOUDREAUX,27,25.9
RIDDICK BOWE,44,73.3
SAM BOWEN,15,66.7
MELTON BOWEN,44,63.6
LORENZO BOYD,85,20
TIMOTHY BRADLEY,36,35.1
JUERGEN BRAEHMER,53,67.9
LIVINGSTONE BRAMBLE,69,36.2
ROB BRANT,27,60.7
CARMEN BRATSCHI,2,0
JOHNNY BRATTON,87,39.1
DOMINIC BREAZEALE,22,81.8
COBIA BREEDY,1,0
MARK BRELAND,39,64.1
MAIRIS BRIEDIS,27,67.9
SHANNON BRIGGS,67,77.9
KEITH BRISTOL,34,30.6
JACK BRITTON,342,8.7
KEVIN BRIZUELA,2,100
JAMES BROCK,57,7
ADRIEN BRONER,38,61.5
KELL BROOK,42,64.3
LOU BROUILLARD,135,42.2
JOE BROWN,179,28.9
OTHA BROWN,33,15.2
GLENWOOD BROWN,60,48.3
PANAMA AL BROWN,166,36.1
SIMON BROWN,59,57.6
MARCUS BROWNE,24,64
LUCAS BROWNE,31,71.4
FRANK BRUNO,45,84.4
TREVOR BRYAN,20,70
DEREK BRYANT,28,60.7
JOSHUA BUATSI,12,76.9
KEN BUCHANAN,69,39.1
JOE BUGNER,83,49.4
MARTIN EZEQUIEL BULACIO,15,46.7
KHANYILE BULANA,10,60
CORNELIUS BUNDRAGE,42,45.2
MIGUEL BURGOS,2,0
CHARLEY BURLEY,97,51
RICKY BURNS,52,30.8
GENE BURTON,86,14
TAMARA BUSTAMANTE,2,0
LUCIAN BUTE,37,67.6
PAUL BUTLER,33,44.1
STEVEN BUTLER,30,76.7
ALEXIS EMANUEL CABANA,1,0
ALBERTO CABANIG,20,20
DANILO CABRERA,45,55.6
DIEGO SEBASTIAN CABRERA,6,0
ANTHONY CACACE,19,35
ELVIN CACERES RAMIREZ,3,100
FRANCO ANDRES CAJAL,10,20
ENZO CALAFATE,3,66.7
HAROLD CALDERON,8,75
LEROY CALDWELL,64,9.4
RORY CALHOUN,62,33.9
ANDY CALLAHAN,92,28.3
JOE CALZAGHE,46,69.6
IVAN CAMACHO,18,44.4
HECTOR CAMACHO,88,43.2
RICK CAMLIN,42,27.9
MIGUEL ANGEL CAMPANINO,102,33.3
LUIS RAMON CAMPAS,123,64.2
LUKE CAMPBELL,23,66.7
DANNY CAMPBELL,12,75
LEE CANALITO,21,90.5
ANDREW CANCIO,28,55.2
PABLO CESAR CANO,41,53.5
WILMANT CANONICO,8,44.4
VINCENZO CANTATORE,39,69.2
TONY CANZONERI,175,25.1
BLAKE CAPARELLO,34,36.1
RICARDO CARABALLO,2,0
ALEXANDER GIANPIERRE CARDENAS CARRERA,6,83.3
ERNESTO CARDONA SANCHEZ,1,0
PEDRO CARRASCO,111,59.5
ADRIAN CARREON,19,47.4
GARY CARRIERO,23,0
LEONARDO CARRILLO,2,0
RONNIE CARROLL,21,9.5
JACK CARROLL,100,38.2
JONO CARROLL,20,19
JIMMY CARTER,121,26.4
DOMINICK CARTER,40,41.5
JOEL CASAMAYOR,45,48.9
RODOLFO CASANOVA,106,48.1
JOHN RIEL CASIMERO,34,60
LAZARO MIGUEL CASSERES,4,25
PAUL CASSIDY,36,2.8
BRIAN CARLOS CASTANO,19,57.1
ROCKY CASTELLANI,84,19
MERLIN CASTELLANO,6,33.3
JOSE LUIS CASTILLO,80,71.3
DIEGO ARMANDO CASTILLO,1,0
CESAR LEON ESTEBAN CASTILLO,1,0
CELEX ANTONIO CASTRO,2,100
RAMIRO MAXIMILIANO CASTRO,1,0
CARLOS CASTRO,25,42.3
JACK CATTERALL,25,52
HARIS CAUSEVIC,14,50
TYSON CAVE,32,37.5
JOSE CAYETANO,28,35.7
MATIAS CEBALLOS,1,0
SANJA CEBIC,1,0
JULIO CEJA,37,75.7
JULIA GABRIELA CELES,6,0
HUGO CENTENO JR,31,43.8
FACUNDO DAMIAN CENTURION JUAREZ,5,0
EDUARDO GABRIEL CEPEDA,1,0
MARCEL CERDAN,115,56.5
ANTONIO CERVANTES,106,42.5
JAVIER NICOLAS CHACON,35,25.7
RUSLAN CHAGAEV,38,55.3
ISAAC CHAMBERLAIN,2,33.3
EDDIE CHAMBERS,45,48.9
VLADIMIR CHANTURIA,14,60
ALEXANDER MAXMILIANO CHAPARRO,3,33.3
EZZARD CHARLES,119,43.7
JERMELL CHARLO,37,50
JERMALL CHARLO,30,73.3
DAVE CHARNLEY,61,44.3
DYLAN CHARRAT,19,21.1
JACK CHASE,119,29.8
ALAN ABEL CHAVES,8,75
JESUS CHAVEZ,52,57.7
FACUNDO CHAVEZ,6,66.7
JULIO CESAR CHAVEZ,115,74.8
RICARDO JAVIER CHAVEZ,2,0
JESSICA CHAVEZ,37,10.8
JULIO CESAR CHAVEZ JR,56,58.9
TED CHEESMAN,19,47.4
LEROY CHILDS,15,80
ISAAC CHILEMBA,35,28.6
DERECK CHISORA,42,54.8
KID CHOCOLATE,152,33.6
ANTON CHRISTOFORIDIS,77,16.9
FEDOR CHUDINOV,24,58.3
KAREN CHUKHADZHYAN,13,23.1
JACK CICERO,6,66.7
MICHAL CIESLAK,19,57.1
NINO CIRILO,51,23.5
SOULEYMANE CISSOKHO,10,60
JAMONTAY CLARK,14,46.7
HOWARD CLARKE,108,8.3
ALLEN CLARKE,32,31.3
HELENA CLAVEAU,2,0
CUSTIO CLAYTON,17,64.7
JUSTIN CLEMENTS,51,21.6
DONALD BIFF CLINE,18,72.2
BLAIR COBBS,4,75
MARCELO ESTEBAN COCERES,32,46.9
GERRIE COETZEE,40,52.5
JEROME COFFEE,50,40
JUAN MARTIN COGGI,82,53.7
CURTIS COKES,80,37.5
BRIAN COLEMAN,172,2.9
DERRELL COLEY,43,61.4
LUIS COLLAZO,47,42.6
CECIL COLLINS,15,33.3
STEVE COLLINS,39,53.8
EDDIE COLON,17,23.5
RICHARD COMMEY,31,80.6
ANGEL CONCEPCION,6,0
MICHAEL CONLAN,9,66.7
BILLY CONN,76,19.7
ALEXIS CONTRERA,1,0
CHARLES CONWELL,2,50
YOUNG CORBETT III,155,20.6
JERMAL CORBIN,20,70
JOE CORDINA,11,63.6
WALTER CORDOBA,2,50
RICARDO CORDOBA,44,56.8
JOEL CORDOVA,8,12.5
MARVIN CORDOVA JR,24,45.8
MAURICE CORE,18,50
GONZALO GASTON CORIA,20,30
MARICELA CORNEJO,4,25
DIEGO CORRALES,45,73.3
JEZREEL CORRALES,24,32
CRISTIAN CORTEZ,1,0
PABLO EZEQUIEL CORZO,10,100
GEORGE COSTNER,87,49.4
JORGE LUIS COTA LUGO,28,78.6
MIGUEL COTTO,47,70.2
PAT COWDELL,42,42.9
JAMIE COX,27,51.9
JOHNNY COYLE,20,10
TERENCE CRAWFORD,37,75.7
ALAN CRENZ,2,100
ANTHONY CROLLA,45,28.9
DENYS CRONIN,21,42.9
NIGEL CROOK,28,10.7
DAVE CROWLEY,180,20
RICARDO ANTONIO CRUZ,1,0
DENNIS CRUZ,31,71
SUSANA CRUZ PEREZ,23,34.8
CARLOS CRUZAT,37,59.5
SOL CUDOS,4,25
JESUS MARCELO ANDRES CUELLAR,33,66.7
MARIA FLORENCIA CUELLO,2,0
MICAELA DENISE CUELLO,1,0
ALFREDO CUEVAS,37,45.9
PIPINO CUEVAS,50,62
JACK CULCAY,33,39.4
GARY CULLY,9,40
CRAIG CUNNINGHAM,18,16.7
STEVE CUNNINGHAM,37,35.1
DONALD CURRY,40,62.5
LOUIS CURTIS,22,31.8
BRIAN CURVIS,41,53.7
JOE CUSUMANO,10,63.6
BOBBY CZYZ,52,53.8
KEVIN DAIGLE,27,40.7
SAKEASI DAKUA,43,36.4
GASTON DAMIN,1,0
ARTHUR DANAHAR,74,39.2
BILLY DANIELS,49,22.4
LES DARCY,50,58
MICHAEL DASMARINAS,33,60.6
YAUHENI DAUHALIAVETS,1,0
LAURENT DAUTHUILLE,62,38.7
CHUCK DAVEY,49,53.1
OHARA DAVIES,21,68.2
GERVONTA DAVIS,24,95.8
JOHN L. DAVIS,55,25.5
LUIZA DAVYDOVA,1,0
FREDDIE DAWSON,121,38.8
CHAD DAWSON,40,45.2
BOBBY DAWSON,52,32.7
DAVEY DAY,74,39.2
BRYAN DE GRACIA,27,74.1
ESTEBAN DE JESUS,63,52.4
ENRIQUE DE LA CRUZ,1,0
DIEGO DE LA HOYA,23,41.7
OSCAR DE LA HOYA,45,66.7
KENNY GILBERTO DE LEON,1,0
MARIE EVE DECAIRE,10,0
ADAM DEINES,18,44.4
RONNIE DELANEY,68,41.2
GILBERT DELE,38,60.5
DANNA KASSANDRA DELGADO RODRIGUEZ,1,0
JUSTIN DELOACH,21,36.4
PADDY DEMARCO,104,7.7
ANTONIO DEMARCO,42,57.1
JACK DEMPSEY,76,59.2
SERGIY DEREVYANCHENKO,15,66.7
OSHIN DERIEUW,14,35.7
REAGAN DESSAIX,3,66.7
TOMMY DEVLIN,74,24
JUAN DIAZ,45,44.4
POLI DIAZ,47,59.6
JOSEPH DIAZ,32,45.5
ANGEL DAVID DIAZ,1,0
CHRISTOPHER DIAZ,28,55.2
ENRIQUE SEGUNDO DIAZ,1,100
MICAELA DIAZ,4,0
YSMERY GABRIELA DIAZ PEREZ,1,0
MIKE DIBENEDETTO,24,58.3
PIERRE HUBERT DIBOMBE,5,60
JAMES DICKENS,25,26.9
LEROY DIGGS,24,41.7
FRANCO DIORIO,34,58.8
ANDRE DIRRELL,29,55.2
ANTHONY DIRRELL,36,66.7
SCOTT DIXON,51,17.6
JOVANA DJORDJEVIC,3,0
MELINDA DOBO,1,0
BERNARD DOCUSEN,90,24.4
ISAAC DOGBOE,21,61.9
TJ DOHENY,23,69.6
KARINA IVANA DOMINGUEZ,3,0
SERGIO DONAIRE,2,50
NONITO DONAIRE,46,54.2
FRANZ DORFER,36,52.8
YUNIER DORTICOS,25,84.6
MILOS DOVEDAN,25,6.7
TERRY DOWNES,44,63.6
CLOVIS DROLET,1,0
OSCAR DUARTE JURADO,20,61.9
DANIEL DUBOIS,16,87.5
JOHANN DUHAUPAS,43,58.1
KAREN DULIN,17,5.9
THOMAS DULORME,30,51.6
BRIAN DUMAS,14,28.6
VINCE DUNDEE,157,18.4
COLIN DUNNE,41,63.4
ROMEO DUNO,23,69.6
RALPH DUPAS,135,14.1
PAT DURAN,33,36.4
GISELA MARIBEL DURAN,1,0
ROBERTO DURAN,119,58.8
JUAN CARLOS DURAN,84,24.7
OLANREWAJU DURODOLA,38,74.4
ALAN EZEQUIEL DUTRA,1,0
BOBBY DYKES,151,38.4
KING KONG DYUBELE,9,11.1
DIKA DZANIC,2,0
SERHIY DZINZIRUK,40,60
ROBERT EASTER JR.,24,58.3
DANNY EATON,19,57.9
MARIA LUZ IRUPE ECHENIQUE,2,0
GUSTAV EDER,162,36.4
ISLAM EDISULTANOV,2,100
CHARLIE EDWARDS,14,28.6
DEREK EDWARDS,35,40
SUNNY EDWARDS,10,10
SAM EGGINGTON,35,48.6
ALEKSEI EGOROV,10,60
ANDERS EKLUND,25,40
AHMED EL MOUSAOUI,35,17.1
AHMED ELBIALE,21,81
DAVI ELIASQUEVICI,22,45.5
RASHIDI ELLIS,22,63.6
RONALD ELLIS,11,58.3
BARRY ELLIS,34,11.8
FLASH ELORDE,118,28
JARON ENNIS,25,88.5
SHOHJAHON ERGASHEV,14,85.7
LUKE ERWIN,33,6.1
OSCAR ESCANDON,31,58.1
MARCOS ESCUDERO,9,88.9
BILINDO ESEKO,2,0
LEONARDO ESPINAL,1,0
KEVIN NICOLAS ESPINDOLA,9,22.2
RICARDO ESPINOZA FRANCO,17,70.6
EDUARDO ESQUIVEL,1,0
DERIAN ULISES ESQUIVO,1,0
LAUTARO DANIEL ESTIGARRIBIA,1,0
JUAN FRANCISCO ESTRADA,44,62.2
JOSE MARIN ESTRADA,10,40
CHRIS EUBANK,53,43.4
CHRIS EUBANK JR,31,71
JUNIOR FA,3,66.7
ESQUIVA FALCAO,27,66.7
YAMAGUCHI FALCAO,6,28.6
RAY FAMECHON,119,31.9
JOSE JESUS FARFAN,2,0
ALEJANDRO FARIAS,3,0
TEVIN FARMER,36,16.2
TOM FARRELL,5,0
RUSLAN FAYFERR,27,59.3
ANDREY FEDOSOV,35,74.3
TERRY FEELEY,21,52.4
GEORGE FEENEY,29,27.6
VINCENT FEIGENBUTZ,35,80
JEFF FENECH,33,63.6
SANTIAGO FERNANDEZ,5,40
BRAIAN FERNANDEZ,3,0
ANTONIO FERNANDEZ,100,8.9
JON FERNANDEZ,22,73.9
GASPAR FERNANDEZ,3,100
CAROLINA FERRARI,5,0
JOSE DAVID FERRER,2,0
MARIA INES FERREYRA,2,50
GUSTAVO ALEJANDRO FERREYRA,1,0
MARIO FERREYRA,1,0
MARC FICHTNER,14,50
ROCKY FIELDING,30,53.3
JACKIE FIELDS,85,36
BRANDON FIGUEROA,18,72.2
OMAR FIGUEROA,30,63.3
JOSEPH FIGUEROA,70,4.3
SCOTT FITZGERALD,14,64.3
SEAN FITZGERALD,33,33.3
JOE FITZPATRICK,10,63.6
TERRY FLANAGAN,39,38.5
FRANCO FLORES,1,0
BJ FLORES,37,54.1
GABRIEL FLORES JR.,2,0
TIGER FLOWERS,159,34
JERRY FOLEY,9,22.2
LUIS FOLLEDO,135,43.4
ZORA FOLLEY,96,45.8
JEFRIN FONSECA SILVA,1,0
RYAN FORD,21,43.5
GEORGE FOREMAN,81,84
SEBASTIAN FORMELLA,21,40.9
VERNON FORREST,44,64.4
JERRY FORREST,10,54.5
JORGE FORTEA,23,26.1
BLAS FORTUNA,3,0
JAVIER FORTUNA,39,61
FRENCY FORTUNATO SAYA,1,0
LEE FORTUNE,57,25.9
O'SHANIQUE FOSTER,16,50
BOB FOSTER,65,70.8
CHARLES FOSTER,19,47.4
MELVIN FOSTER,38,47.4
ANTHONY FOWLER,15,73.3
TIGER JACK FOX,174,49.7
ALANTEZ FOX,29,41.4
CARL FRAMPTON,29,50
DRIAN FRANCISCO,35,62.9
JOSHUA FRANCO,18,33.3
JERMAINE FRANKLIN,20,65
STACY FRAZIER,33,45.5
RODNEY FRAZIER,20,60
JOE FRAZIER,37,73
TOMMY FREEMAN,223,37.2
ACELINO FREITAS,41,80.5
VITOR JONES FREITAS,23,43.5
CARL FROCH,35,68.6
AURELIE FROMENT,4,0
SAMMY FULLER,76,28.9
GENE FULLMER,64,37.5
STEPHEN FULTON,2,50
SEBASTIAN FUNDORA,15,56.3
ANDREW FURLONG,37,16.2
KEVIN FURRER,2,50
GAKUYA FURUHASHI,32,36.4
HUGHIE FURY,27,51.9
TYSON FURY,31,65.6
RAYMART GABALLO,5,100
AL GAINER,106,38.3
KID GALAHAD,28,57.1
FRANK GALARZA,24,50
ANDREA GALASSO,7,42.9
KHAOSAI GALAXY,48,85.4
VICTOR GALINDEZ,68,48.6
CARLOS GALINDO,1,0
AMANDA GALLE,4,0
MATIAS GALUCCI,3,0
JOHNNY JOSE GALVEZ GARCIA,1,0
JOMA GAMBOA,45,48.9
YURIORKIS GAMBOA,33,52.9
JOE GANNON,36,25
BABY JOE GANS,161,32.1
STEVE GARBER,46,23.9
FACUNDO DAVID GARCIA,3,33.3
IVAN GABRIEL GARCIA,4,75
DANNY GARCIA,38,53.8
MIKEY GARCIA,41,73.2
IHOSVANY RAFAEL GARCIA,3,100
CEFERINO GARCIA,162,45.7
RYAN GARCIA,20,81
BARBARA GARCIA,1,0
JONATHAN MARTIN GARCIA,1,0
SERGIO GARCIA,32,40.6
MARCO EZEQUIEL GARCIA OVEJERO,7,57.1
ADAM GARLAND,26,48.1
PEDRO HENRIQUE GARLET KAPPES,2,0
DANNY GARRISON,9,33.3
GASAN GASANOV,13,38.5
ROLI GASCA,30,20
SENAD GASHI,8,62.5
MURAT GASSIEV,27,65.5
JOE GATTI,38,57.9
ARTURO GATTI,49,63.3
WALTER EZEQUIEL GAUCHEZ,4,50
ALAN FABIAN GAUNA,10,0
TERRELL GAUSHA,23,41.7
AGUSTIN MAURO GAUTO,16,68.8
JASON GAVERN,52,23.1
LEON GAVILAN,5,16.7
KID GAVILAN,143,19.6
ROBERT GEER,5,40
MARK GERAGHTY,31,6.5
MARK ANTHONY GERALDO,49,36
LORENZO GEREZ,1,100
JULIO GERVACIO,40,57.5
NOEL GEVOR,26,38.5
JOEY GIARDELLO,135,23.7
TOMMY GIBBONS,105,45.3
MIKE GIBBONS,132,28.6
ROBERTO GIGLI,16,43.8
JORDAN GILL,25,28
SERGIO DANIEL ORLANDO GIMENEZ,5,0
ROBERTO GIMENEZ,1,0
JOSE GIRONES,107,51.4
SHAKHRAM GIYASOV,8,75
RON GLADDEN,19,31.6
KRZYSZTOF GLOWACKI,33,55.9
WAYNE GODDARD,11,18.2
JERRY GOFF,20,60
NORMAN GOINS,45,43.5
GENNADY GOLOVKIN,43,83.7
CARLOS EDUARDO GOMERO,1,0
WILFREDO GOMEZ,48,87.5
JUAN CARLOS GOMEZ,59,66.7
PABLO ARIEL GOMEZ,27,3.7
PEDRO LUIS GOMEZ,3,0
MARIA DOLORES GOMEZ,3,0
ALEXIS DAMIAN GOMEZ,3,66.7
BRAIAN GOMEZ,1,0
EMMA GONGORA,3,0
CARLOS GONGORA,17,70.6
SIBONISO GONYA,8,37.5
ROBERTO GONZALES,27,55.6
MIGUEL ANGEL GONZALEZ,57,70.2
ROMAN GONZALEZ,51,77.4
MARIAN GONZALEZ,1,0
CESAR OSCAR GONZALEZ,1,100
FILI GONZALEZ,16,25
JHONNY GONZALEZ,79,69.6
JOET GONZALEZ,25,56
LUCAS MATIAS GONZALEZ,1,0
ISRAEL GONZALEZ,22,39.1
CRISTIAN GONZALEZ UTELLO,4,0
NATHAN GORMAN,17,64.7
JORGE ANTONIO GOROZURRETA,5,60
ARSEN GOULAMIRIAN,26,69.2
JIMMY GOULD,14,0
MIKE GRABLE,20,40
HEROL GRAHAM,54,51.9
ADRIAN GRANADOS,30,45.2
ADRIAN GRANAT,17,82.4
RICHARD GRANT,36,13.9
MICHAEL GRANT,54,66.7
ROCKY GRAZIANO,83,62.7
HARRY GREB,297,16.1
MITCH GREEN,26,44.4
MONTELL GRIFFIN,59,50.8
SHERMAN GRIFFIN,24,52
EMILE GRIFFITH,111,20.5
YOUNG GRIFFO,33,24.2
CRAWFORD GRIMSLEY,27,74.1
SHELBY GROSS,21,59.1
GEORGE GROVES,32,62.5
JORGELINA GUANINI,12,8.3
LUIGGI JOSE GUANIPA,1,0
KARIM GUERFI,33,25.7
ROBIN ANDRES GUERRA,1,0
ROBERT GUERRERO,43,44.4
LUIS ALFREDO GUERRERO,9,22.2
BOBBY GUNN,30,61.3
ANDRES GUTIERREZ,42,59.1
ROGER GUTIERREZ,10,50
ARMANDO OSCAR GUTIERREZ BELLO,4,0
CARLOS GUZMAN,1,0
JONATHAN GUZMAN,25,88.5
OLEKSANDR GVOZDYK,18,77.8
MELINDA HABRAN,1,0
JUDIT HACHBOLD,14,7.1
STEFAN HAERTEL,19,10.5
ART HAFEY,65,55.4
MARVIN HAGLER,67,77.6
DAMON HAGUE,28,42.9
GENE HAIRSTON,63,38.1
ROSS HALE,33,54.5
RICHARD HALL,44,63.6
DON HALPIN,33,24.2
JOE HAM,15,33.3
NASEEM HAMED,37,83.8
CHRISTIAN HAMMER,31,48.4
DEVIN HANEY,24,57.7
HENRY HANK,97,41.2
NICK HANNING,9,44.4
JOHN HAREWOOD,15,26.7
JESUS ADRIAN HARO CAMPOS,1,0
TREY HARRIS,14,42.9
SIMON HARRIS,20,45
JAY HARRIS,11,27.3
TONY HARRISON,31,65.6
JESSE HART,29,72.4
LEN HARVEY,140,39.3
RICKY HATTON,48,66.7
MALIK HAWKINS,12,58.3
DAVID HAYE,32,81.3
ALVIN HAYES,33,78.8
THOMAS HEARNS,67,71.6
GERHARD HECHT,72,31.1
MARK HEFFRON,11,72.7
ANDY HEILMAN,52,42.3
ROBERT HELENIUS,33,57.6
JAMES HELWIG,24,62.5
MARIANO HENKEL PALACIOS,1,0
CLARENCE HENRY,41,45.2
JUAN HERALDEZ,15,56.3
JESUS ANTONIO HERNANDEZ,14,14.3
ANTONIO LOUIS HERNANDEZ,3,33.3
JONATHAN JOSE HERNANDEZ,6,83.3
GENARO HERNANDEZ,41,41.5
MIGUEL ANGEL HERNANDEZ,20,45
VLADIMIR HERNANDEZ,13,37.5
FREDDY HERNANDEZ,40,48.8
CARLOS HERNANDEZ,76,57.9
EDUARDO HERNANDEZ,33,75.8
DIEGO EZEQUIEL HERNANDEZ,2,0
JAMEL HERRING,23,38.5
HARVEY HESTER,31,45.2
ADOLF HEUSER,127,34.4
DAIGO HIGA,16,93.8
VIRGIL HILL,57,40.4
JAMIE HILT,2,0
HUBERT HILTON,31,38.7
TERRY HINKE,47,62.5
HIROYUKI HISATAKA,42,23.8
DENNIS HOGAN,32,21.9
KEITH HOLMES,46,54.3
LARRY HOLMES,75,58.7
EVANDER HOLYFIELD,56,50.9
LLOYD HONEYGHAN,48,62.5
MAURICE HOOKER,30,56.3
BERNARD HOPKINS,65,47.8
EDDIE HOPSON,32,43.8
JEFF HORN,23,54.2
LONNIE HORN,30,46.7
AL HOSTAK,84,48.8
CHARLES HOSTETTER,28,28.6
AZAT HOVHANNISYAN,21,71.4
NATHAN HOWARD,6,66.7
FILIP HRGOVIC,9,77.8
EVA HRKOTOVA,3,0
ACE HUDKINS,101,24.5
JUSTYN HUGH,14,28.6
MAXI HUGHES,22,8.7
CHARLES HUMEZ,102,45.6
MICHAEL HUNTER,20,60
CALEB HUNTER PLANT,21,52.4
JARRETT HURD,25,64
SHERZOD HUSANOV,21,38.1
MIAN HUSSAIN,12,41.7
GISELA IBANEZ,3,0
FRANCO DAVID IBARRA,2,0
JOSE ISRAEL IBARRA,1,0
FAISAL IBNEL ARRAMI,23,43.5
ASLAMBEK IDIGOV,9,33.3
BEN ILEYEMI,3,33.3
ISMAIL ILIEV,14,21.4
AMIR IMAM,21,76.2
JOHNNY INDRISANO,61,16.4
PAUL INGLE,25,64
NAOYA INOUE,20,85
TAKUMA INOUE,14,21.4
TAKESHI INOUE,14,42.9
IONUT DAN ION,39,46.2
MARTIN IRACE,2,0
IGNACIO DAVID IRIBARREN,5,40
TOMAS FERMIN IRUSTA,4,25
DEREK ISAMAN,16,56.3
SHO ISHIDA,29,46.7
AXEL EMANUEL ISLA,2,0
KANAT ISLAM,26,76.9
MASAYUKI ITO,28,46.4
PETRO IVANOV,9,66.7
RYOSUKE IWASA,30,54.8
DAVID IZON,33,69.7
BADOU JACK,28,44.8
BEAU JACK,119,36.1
LUKE JACKSON,8,50
JULIAN JACKSON,61,80.3
YOUNG PETER JACKSON,80,35.4
PHIL JACKSON,57,65.5
DAVID JACO,50,38
DANIEL JACOBS,39,75
JAMAL JAMES,28,41.4
IZZY JANNAZZO,126,6.3
BRIAN JANSSEN,31,48.4
YURMARY JARAMILLO,1,0
ROGELIO GABRIEL JAVIER,1,0
BEN JEBY,72,30.1
MARVIN JENKINS,28,10.7
CHRIS JENKINS,25,29.6
BRYANT JENNINGS,27,51.9
TERRY JESMER,49,24.5
EDUARDO JIMENEZ,2,0
ULYSSES JIMENEZ,42,16.7
EDER JOFRE,78,64.1
INGEMAR JOHANSSON,28,60.7
CHRIS JOHN,53,43.4
GLEN JOHNSON,76,48.7
ERIC JOHNSON,22,39.1
DUJUAN JOHNSON,24,70.8
HAROLD JOHNSON,87,36.8
CALLUM JOHNSON,19,68.4
TUREANO JOHNSON,24,60
STEVIE JOHNSTON,49,36.7
ISIAH JONES,1,0
BARRY JONES,20,0
TJ JONES,37,29.7
ROY JONES JR,1,0
ROY JONES JR.,75,61.8
ANTHONY JOSHUA,25,88
WILLIE JOYCE,103,15.4
JOE JOYCE,6,85.7
DAVID OLIVER JOYCE,12,61.5
FLOYD JOYNER,45,20
MARIANA JUAREZ,67,26.9
YORSON JUAREZ HERNANDEZ,3,66.7
ZAB JUDAH,52,53.7
PETER JUDSON,37,8.1
BATYRZHAN JUKEMBAYEV,15,66.7
WILSON JULIO,4,25
AGIT KABAYEL,20,61.9
ARISTOTE NTUMBA KABEYA,7,57.1
KABUA KABIKILA,1,0
NAWAPHON KAIKANHA,45,73.9
RADIVOJE KALAJDZIC,26,65.4
KISAKA KALALA,5,0
SUMBU KALAMBAY,64,51.6
AYUB KALULE,50,46
GEORGE KAMBOSOS JNR,17,42.9
TOMOKI KAMEDA,39,51.3
LOUIS 'KID' KAPLAN,164,17
YURY KASHINSKY,19,89.5
FRED KASSI,26,38.5
EGIDIJUS KAVALIAUSKAS,24,75
YOURI KAYEMBRE KALENGA,30,56.7
SIMON KEAN,17,83.3
LUKE KEELER,21,23.8
JOSH KELLY,11,50
MILFORD KEMP,21,23.8
ADRIANA KERI,1,0
MIKKEL KESSLER,49,71.4
AMIR KHAN,39,53.8
GEVORG KHATCHIKIAN,29,41.4
IEVGEN KHYTROV,21,76.2
COCOA KID,243,19.6
YE-JOON KIM,20,45
JOHNNY KING,11,45.5
ARTHUR KING,76,26.3
WLADIMIR KLITSCHKO,69,76.8
VITALI KLITSCHKO,47,87.2
OLJA KLJAJIC,1,0
JOE KNIGHT,133,38.1
YUKI STRONG KOBAYASHI,14,35.7
THEUNIS KOK,19,63.2
ANDY KOLLE,31,58.1
KOHEI KONO,45,28.3
MATT KOROBOV,32,43.8
DAVID KOTEY,52,46.2
KLAUDIA KOVACS,1,0
SERGEY KOVALEV,39,72.5
ADAM KOWNACKI,21,71.4
ROBIN KRASNIQI,55,30.9
SOLLY KRIEGER,113,47.8
JACK KRISS,27,33.3
DMITRY KUDRYASHOV,27,85.2
YUSAKU KUGA,24,52
MAGOMED KURBANOV,17,55.6
KEITA KURIHARA,18,57.9
SERGEY KUZMIN,16,57.9
FIDEL LABARBA,95,16.8
PEDRO LABORDE,3,0
FRED LADD,56,58.9
BILAL LAGGOUNE,27,48.1
BRIAN NICOLAS LAGUNA,11,23.1
ISMAEL LAGUNA,75,49.3
KRISTIAN LAIGHT,206,0
KIRKLAND LAING,56,42.9
MARGIT LAKATOS,1,0
VANJA LAKIC,1,0
LADUMO LAMATI,14,50
JAKE LAMOTTA,106,28.3
CLAUDIA ROSANA LANDAIDA,2,0
RICARDO LANDEROS,3,0
JOSE LANDIN,21,38.1
KENNY LANE,100,19
ERISLANDY LARA,32,46.9
TIPPY LARKIN,153,39
PHIL LASHLEY,56,10.7
BILLY LAUDER,39,7.7
QUINCY LAVALLAIS,1,100
PAT LAWLOR,40,17.5
LEON LAWSON III,1,100
ERIK LEANDER,13,61.5
DENIS LEBEDEV,36,64.9
LUIS LEBRON,3,33.3
NICOLAS LEDESMA,2,0
SCOTT LEDOUX,50,44
ANDY LEE,38,63.2
JOSE LEGRA,148,33.8
KATHARINA LEHNER,1,0
KERMAN LEJARRAGA,33,72.7
DAVID LEMIEUX,45,72.3
ENZO LEMOS,1,0
GUSTAVO ANDRES LEMOS,1,0
ANGELO LEO,19,47.4
WILMER LEON,1,0
BENNY LEONARD,219,32
SUGAR RAY LEONARD,40,62.5
KEVIN LERENA,26,46.2
CLARA LESCURAT,7,42.9
CHUCK LESLIE,50,6
GUS LESNEVICH,79,29.1
EVA LESZKO,1,0
LEO LEVANI,12,46.2
ARTIE LEVINE,72,50
JOHN HENRY LEWIS,111,51.4
TED KID LEWIS,302,26.2
LENNOX LEWIS,44,72.7
NAJIK LEWIS,2,0
ALVIN BLUE LEWIS,36,52.8
RYNO LIEBENBERG,27,48.1
JORGE LINARES,51,56.9
SERGEY LIPINETS,17,63.2
JOE LIPSEY,26,76.9
SONNY LISTON,54,72.2
FREDDIE LITTLE,57,53.4
ALLEN LITZAU,22,31.8
JUAN ANTONIO LLANES,1,100
WAYNE LLEWELLYN,36,61.1
JOSE LLORCA,4,25
CLETO LOCATELLI,161,14.7
NICOLINO LOCCHE,135,10.3
HERVE LOFIDI,3,33.3
JOHN LOFRANCO,14,42.9
ANTHONY LOGAN,23,56.5
DUILIO LOI,126,20.6
VASYL LOMACHENKO,16,62.5
MICHAL LONIEWSKI,1,0
RICARDO LOPEZ,52,73.1
SAMUEL ENRIQUE LOPEZ,2,0
ADAM BENITO LOPEZ,1,0
MELVIN LOPEZ,1,0
JOSE LUIS LOPEZ,58,67.2
MARCELINO NICOLAS LOPEZ,33,48.5
JOSESITO LOPEZ,45,42.6
TEOFIMO LOPEZ,15,68.8
YAQUI LOPEZ,76,51.3
ALDANA FLORENCIA LOPEZ,4,0
LEANDRO FABIAN LOPEZ,6,33.3
NESTOR LOPEZ CABALLERO,7,14.3
JULIEN LORCY,62,64.5
BRENDA DANIELA LORENZO,3,0
TOMMY LOUGHRAN,168,8.3
JOE LOUIS,69,75.4
J'LEON LOVE,28,44.8
ISAAC LOWE,22,27.3
CARLOS LOYA,24,29.2
MAYRA DAYANA LOYOLA,2,0
LESTER LOZANO TAFUR,12,50
ERICKSON LUBIN,23,66.7
ISAAC DAVID LUCERO,1,100
WILLIE LUDICK,43,41.9
ALAN EZEQUIEL LUGO,3,0
CRISTIAN LUIS,2,0
NYAKWA LUKOMBO,1,0
ROLANDO LUNA IZONTLE,1,0
ALEXIS LUTTI,2,0
IVAN LYSYTSIA,1,0
BERT LYTELL,101,23.5
ENZO MACCARINELLI,49,67.3
ALBERTO MACHADO,23,73.9
EDDIE MACHEN,64,45.3
ALEXIS MACIAS,14,50
YUSAF MACK,41,41.5
WALLACE MAGALHAES DOS SANTOS,1,0
DIEGO MAGDALENO,34,38.2
JESSIE MAGDALENO,28,62.1
MARK MAGSAYO,9,63.6
SARAH MAHFOUD,11,27.3
MARCOS RENE MAIDANA,40,77.5
ARIEL OSMAR MAIDANA,3,0
MARTIN MAKABU,6,66.7
ILUNGA MAKABU,29,75
ARSLANBEK MAKHMUDOV,2,100
KRISZTINA MAKRA,1,0
G.G. MALDONADO,22,13.6
RONALD MALINDI,13,53.8
JIM MALONEY,15,20
NEIL MALPASS,48,37.5
SAMMY MANDELL,189,16.8
ARTUR MANN,15,37.5
ERNESTO MARCEL,46,50
ROCKY MARCIANO,49,87.8
MARIA NIEVES MARCONE,4,0
BERNARDO MARECO,3,33.3
ABNER MARES,35,42.9
ANTONIO MARGARITO,48,54
AGUSTIN MARINI,1,100
LUIS ALEJANDRO MARIO,1,0
BILLY MARQUART,18,11.1
RAFAEL MARQUEZ,50,74
GUIDO MARQUEZ,2,0
JUAN MANUEL MARQUEZ,64,62.5
CLAUDIO MARRERO,28,60.7
MIGUEL MARRIAGA,33,73.5
TERRY MARSH,27,37
LLOYD MARSHALL,99,36.4
CHARLES MARTIN,31,75
EDINSON MARTINEZ,2,50
VINCE MARTINEZ,77,46.8
FERNANDO DANIEL MARTINEZ,11,58.3
MARIO MARTINEZ,62,50
SERGIO GABRIEL MARTINEZ,57,50.9
PEDRO MARTINEZ,11,18.2
AGNALDO VALERIO MARTINS,1,100
VANES MARTIROSYAN,41,51.2
OLEG MASKAEV,46,60.9
HENRY MASKE,32,34.4
MASELINO MASOE,36,77.8
MATEUSZ MASTERNAK,46,60.9
LUIS MATEO,28,37.9
FRANCISCO MATEOS,36,30.6
BUSTER MATHIS,34,61.8
SUBRIEL MATIAS,15,100
DANKA MATIJASEVIC,1,0
RYO MATSUMOTO,22,81.8
HIRONOBU MATSUNAGA,16,50
HARRY MATTHEWS,102,58.3
LUCAS MARTIN MATTHYSSE,44,80
THOMAS MATTICE,1,100
ROCKY MATTIOLI,73,69.9
MAREK MATYJA,10,27.3
TAMI MAURIELLO,96,62.5
JOEY MAXIM,115,18.3
BERNARD MAYS,28,53.6
FLOYD MAYWEATHER JR,50,52.9
MARIA AMALIA MAZZARELLO,4,25
SANDRO MAZZINGHI,67,60.9
FISTON MBAYA,2,0
THULANI MBENGE,15,73.3
CHRISTIAN MBILLI,13,92.3
PAT MCATEER,57,42.1
JOCK MCAVOY,147,59.9
KEVIN MCBRIDE,46,63
BRIAN MCCAFFREY,27,63
MIKE MCCALLUM,55,65.5
TOMMY MCCARTHY,6,50
JAMEEL MCCLINE,57,42.1
SEAN MCCOMB,2,50
FRANK MCCORD,56,19.6
RALPH MCCOY,23,60.9
AL MCCOY,80,26.3
SHAUN MCCRORY,20,10
STAN MCDERMOTT,20,55
JAMIE MCDONNELL,34,37.1
GAVIN MCDONNELL,26,23.1
PACKEY MCFARLAND,113,44.2
JAMES MCGIRT,80,60
GRAHAM MCGRATH,112,1.8
DERRICK MCGUIRE,33,21.2
GEORGE MCGURK,63,15.9
BRIGHTON MCHENI,1,0
THABISO MCHUNU,28,48.3
VERNON MCINTOSH,38,34.2
TYRONE MCKENNA,23,29.2
MICHAEL MCKINSON,18,11.1
JIMMY MCLARNIN,69,30.4
MARLON MCMILLAN,6,16.7
KSENIJA MEDIC,17,0
KALI MEEHAN,48,66.7
MARIA MELASHCHENKO,1,0
BEKTEMIR MELIKUZIEV,1,50
YAGO JUAN CRUZ MELLADO,1,0
MALCOLM MELVIN,39,10.3
RICARDO MENDES MUNIZ DE LIMA,1,0
ARGENIS MENDEZ,33,34.3
SOFÍA DAIANA MENDEZ,3,0
JESUS JAVIER MENDOZA,1,0
YVAN MENDY,49,42
JOHN MERCHAN,2,0
RYAD MERHY,30,80
MARIE HELENE MERON,7,28.6
AELIO MESQUITA,24,70.8
JAMES METCALF,20,57.1
JENNIFER SABRINA MEZA,8,25
FRANCO IVAN MEZA,2,0
NKOSANA MGXAJI,101,26.5
DARIUSZ MICHALCZEWSKI,50,76
SERGIO GASTON MICHELUCCI,1,0
LADISLAO MIJANGOS,45,42.2
IGOR MIKHALKIN,25,40
DALE MILES,17,58.8
LADARIUS MILLER,6,16.7
EDDIE MILLER,95,32
FREDDIE MILLER,252,17.8
JARRELL MILLER,24,83.3
MICK MILLS,48,47.9
FREDDIE MILLS,100,54
MOHAMED MIMOUNE,26,11.5
MAURO MINA,58,43.1
LUIGI MINCHILLO,60,51.7
RODRIGO MANUEL MINO,1,0
CRISTIAN RUBEN MINO,30,60
EDISON MIRANDA,46,67.4
SABINA MISHCHENKO,6,0
BILLY MISKE,104,32.4
CAMILA GISELLA MISTROVICH,1,0
JAYDE MITCHELL,19,52.6
IRVING MITCHELL,48,43.8
TIBERIO MITRI,101,21.8
SYLVESTER MITTEE,33,66.7
ARV MITTOO,100,4
NADJIB MOHAMMEDI,47,51.1
JAVIER MOLINA,24,37.5
JOHN MOLINA,39,61.5
JOHN JOHN MOLINA,59,55.9
ERIC MOLINA,33,57.6
CARLOS MOLINA,40,19.5
JASON MOLONEY,23,75
ANDREW MOLONEY,20,65
WILLIE MONROE JR,27,22.2
CARLOS MONROE JR,1,0
PEDRO MONTANEZ,103,48.5
GUILLERMO MONTERO,1,0
BOB MONTGOMERY,97,38.1
CARLOS MONZON,99,58
CHAYAPHON MOONSRI,53,32.7
DAVEY MOORE,67,44.1
ARCHIE MOORE,218,59.8
ERIK MORALES,61,59
ROBERTO MORAN,56,25
ANTONIO MORAN,27,55.6
LC MORGAN,129,45
OSVARY DAVID MORRELL,1,100
LEONARD MORROW,38,47.4
SHANE MOSLEY,60,67.2
MANUEL MOSQUEDA,11,9.1
DENNY MOYER,139,17.9
JELENA MRDJENOVICH,49,38.8
MATTHEW SAAD MUHAMMAD,68,51.5
EDDIE MUSTAFA MUHAMMAD,60,66.7
WALI MUHAMMAD,17,47.1
ANTHONY MUNDINE,58,48.3
EMANUEL MUNEZ,4,25
JAIME MUNGUIA,35,80
RUBEN NESTOR NERI MUNOZ,7,71.4
RYOTA MURATA,18,72.2
ELVIR MURIQI,47,51.1
BOB MURPHY,78,71.8
SEAN MURPHY,27,51.9
JIM MURRAY,40,46.3
BAKHRAM MURTAZALIEV,17,72.2
NKAPEMA MUTSHI,2,50
HASSAN MWAKINYO,18,61.1
DMYTRO MYTROFANOV,1,100
DAISHI NAGATA,15,31.3
RIKKI NAITO,21,28.6
MASAYOSHI NAKATANI,18,61.1
JEREMIA NAKATHILA,18,72.2
JOSE NAPOLES,88,61.4
OCTAVIO NARVAEZ,21,19
OMAR ANDRES NARVAEZ,55,45.5
ESTEBAN NAVAJA,3,0
EMMANUEL NAVARRETE,32,79.4
OSCAR NEGRETE,23,29.2
ALIANA NEIBAUERE,2,0
TONY NELSON,20,50
JOHNNY NELSON,59,49.2
AZUMAH NELSON,47,59.6
LUIS NERY,30,75
PHANNARAI NETISRI,5,40
MIKE NEVITT,17,35.3
DINO NEWVILLE,14,28.6
YVES NGABU,21,66.7
KIKALA NGIYO,1,0
DOUDOU NGUMBU,48,29.2
TRESOR NGUNDI,1,0
DEMOND NICHOLSON,27,74.1
PATRICK NIELSEN,33,42.4
ROB NIEUWENHUIZEN,6,66.7
EZEQUIEL NIEVA,2,0
DARIO RUBEN NIEVA,3,33.3
ANTONIO NIEVES,11,36.4
JOSE NIEVES,3,0
ANA NIKOLIC,1,0
BRIAN NIX,30,10
RUDY NIX,26,64.3
AYANDA NKOSI,11,54.5
YUKI NONAKA,45,22.2
HURSHIDBEK NORMATOV,9,33.3
TERRY NORRIS,56,55.4
FREDDIE NORWOOD,48,47.9
ABRAHAM NOVA,2,100
JOE NOYNAY,19,26.3
MILTON NUNEZ,44,57.8
MICHAEL NUNN,62,59.7
LUCAS EZEQUIEL FERNANDO NUNO,1,0
TUGSTSOGT NYAMBAYAR,12,75
DENNIS OAKES,6,50
KEITA OBARA,26,76.9
MATIAS GASTON OBREGON,2,0
LARA OCHMANN,4,50
KENICHI OGAWA,26,64.3
ANTHONY OGOGO,7,57.1
YUKINORI OGUNI,24,33.3
TAKENORI OHASHI,23,47.8
LAWRENCE OKOLIE,14,68.8
MICHAEL OLAJIDE,32,59.4
CARLOS PATRICIO OLCESE,1,100
FRANCISCO GABRIEL OLGUIN,4,100
BRUNO OLIVA,4,25
RUBEN OLIVARES,105,75.2
RICARDO OLIVEIRA CRUZ,1,100
ADRIAN NICOLAS OLIVERA,2,0
BOBO OLSON,115,40
SHOHEI OMORI,24,64
THOMAS OOSTHUIZEN,33,48.5
CHRIS ORGANTINI,12,50
PETER ORLIK,21,4.8
ANTONIO OROZCO,30,54.8
YOBER ORTEGA,44,54.5
PEDRO ORTEGA,46,43.5
MARTIN ORTEGON,19,57.9
VICTOR ORTIZ,39,59
JAMAINE ORTIZ,14,57.1
CARLOS ORTIZ,70,42.9
MANUEL ORTIZ,131,41.2
LUIS ORTIZ,33,72.2
VERGIL ORTIZ JR,3,100
JHIMY ORTUNO GARCIA,1,0
HUSSAIN OSMAN,31,19.4
SVEN OTTKE,34,17.6
NORDINE OUBAALI,17,63.2
KEN OVERLIN,163,13.9
NORBERTO ORLANDO OYOLA,5,0
NAIARA TATIANA PACHECO,3,0
MANNY PACQUIAO,71,54.9
JORGE PAEZ,97,53.1
ALBERT PAGARA,34,70.6
GREG PAGE,76,63.2
ZACK PAGE,67,10.4
HARRY PAINTER,28,10.7
RUBEN DARIO PALACIOS,58,32.8
EZEQUIEL PALAVERSIC,6,33.3
AMBROSE PALMER,66,34.8
LITTLE PANCHO,147,12.8
AUGIE PANTELLAS,34,58.8
ALEKSEI PAPIN,13,84.6
LASZLO PAPP,29,51.7
ELIAS EMANUEL PAREDES,8,25
JOSEPH PARKER,29,72.4
LIAM PARO,13,76.9
ROBERT PARZECZEWSKI,25,59.3
JEAN PASCAL,42,46.5
RON PASEK,35,20
VIC PASILLAS,11,36.4
MILTON IVAN PASQUINI,2,0
BOB PASTOR,65,26.2
JOANA PASTRANA,18,26.3
WILLIE PASTRANO,83,16.9
FRANCESCO PATERA,24,28
VIC PATRICK,57,78.9
FLOYD PATTERSON,64,62.5
LARRY PAUL,40,40
KELLY PAVLIK,42,81
JUAN CARLOS PAYANO,24,37.5
JOSE CARLOS PAZ,35,37.1
JOSE PEDRAZA,31,41.9
EUSEBIO PEDROZA,48,51
NAZARENO PENA,2,0
PAUL PENDER,48,41.7
WILLIE PEP,241,27
YAMIL ALBERTO PERALTA,13,46.2
GABRIEL ALEXANDER PERALTA AREVALO,5,40
CRISTIAN PEREIRA,4,0
ADRIANO DORTAS PEREIRA SANTOS,1,0
DIEGO EMANUEL PERELLO,2,0
URIEL PEREZ,18,66.7
ROSA PEREZ,2,0
HERNAN DAVID PEREZ,13,23.1
LUCIA NOELIA PEREZ,1,100
MIKE PEREZ,28,51.7
CRISTIAN GONZALO PEREZ SOTO,1,0
EDDIE PERKINS,97,21.4
LENIER EUNICE PERO,4,75
BRYANT PERRELLA,20,70
IGNACIO PERRIN,11,9.1
MIODRAG PERUNOVIC,30,23.3
SAMUEL PETER,46,65.2
LAMONT PETERSON,41,41.5
BILLY PETROLLE,164,40
KOSTAS PETROU,37,32.4
KATELYNN PHELAN,5,20
VINCE PHILLIPS,61,55.7
VERNO PHILLIPS,54,38.2
MICHELE PICCIRILLO,55,51.8
SALVADOR PICCOLO,3,33.3
ENRIQUE PINDER,44,29.5
VICTOIRE PITEAU,1,100
MICHAEL ANGELO PLANIA,3,0
ROHAN POLANCO,5,40
YOLANDE POMPEY,55,47.3
JEREMIAS NICOLAS PONCE,29,65.5
MISAEL PONCE GALAZ,1,0
MARINA POPOVA,7,0
SHAWN PORTER,34,48.6
ALDRI ALEXANDER PORTILLO,1,0
JACK PORTNEY,127,19.5
JOSE ANGEL POSADA,1,0
VIKTOR POSTOL,34,35.3
NIKOLAY POTAPOV,21,40.9
ALEXANDER POVETKIN,39,62.5
JASOND PRADO,1,0
DILAN PRASOVIC,4,75
DAVID PRICE,30,63.3
PAT PRISCO,27,18.5
REGIS PROGRAIS,25,76.9
RUSLAN PROVODNIKOV,30,60
ADOLPH PRUITT,58,51.7
AARON PRYOR,40,87.5
LEONARDO PUCHETA,3,0
ALANDO PUGH,4,20
GENE PUKALL,34,47.1
KUBRAT PULEV,30,46.7
RICHARD PUMICPIC,30,20
ROSS PURITTY,54,50
DWIGHT MUHAMMAD QAWI,53,47.2
NOEL QUARLESS,31,35.5
IKE QUARTEY,43,74.4
SCOTT QUIGG,40,65
JASON QUIGLEY,18,72.2
PETER QUILLIN,37,59
RENOLD QUINLAN,15,37.5
GISELA NOELIA QUINTANILLA,4,0
FERNANDO EMANUEL QUINTEROS,1,0
DANIEL QUISPE,1,0
JOSE ARIEL QUISPE,3,0
JORGE LUIS QUISPE RODRIGUEZ,2,0
NIKOLETTA RAFAEL,1,0
NIGEL RAFFERTY,104,1
RODRIGO SEBASTIAN RAJOY,1,0
SHAVKAT RAKHIMOV,14,73.3
WESLEY RAMEY,194,5.7
WALTER MIGUEL RAMIREZ,1,0
CESAR RAMIREZ,12,23.1
JOSE CARLOS RAMIREZ,26,65.4
MATIAS RAMON RAMIREZ,3,66.7
EDUARDO RAMIREZ,27,28.6
GILBERTO RAMIREZ SANCHEZ,40,63.4
JHUNRIEL RAMONAL,27,33.3
ABEL RAMOS,30,63.3
SUGAR RAMOS,66,60.6
EMANUEL RAMPONI,3,0
DAVE RAMSDEN,43,14
FRANKIE RANDALL,77,54.5
ISAAC CLAY ISRAEL RANGEL,1,0
ELMER RAY,107,59.3
MARIJA RAZNATOVIC,1,0
ALEXIS EMANUEL REBOZZIO,1,0
MAXIMILIANO JESUS RECALDE,4,25
JERRY REDDICK,22,54.5
CAROLYN REDMOND,1,0
ERIC REGAN,31,58.1
CRISTIAN ARIEL REGGIARDO,4,25
ROBIN REID,51,56.9
KIRILL RELIKH,26,73.1
JOSE RESTO,93,6.5
RAFAEL REYES,20,55
JUAN REYES,17,5.9
TOBIAS JEREMIAS REYES,6,83.3
RENO BINS REYES,11,27.3
MANUEL ALEJANDRO REYES,6,16.7
JOSE RIBALTA,56,48.2
BANDSMAN DICK RICE,43,13.6
RON RICHARDS,130,43.5
GUILLERMO RIGONDEAUX,21,56.5
GIULIO RINALDI,65,19.4
RONNY RIOS,34,44.1
PABLO RIOS,3,0
BRIAN CELSO DANIEL RIOS,1,0
NELSON EDGARDO RIOS,2,0
ROSANA RIQUELME GALEANO,1,0
LEWIS RITSON,20,45.5
OSCAR RIVAS,27,66.7
DAVID RIVELLO,16,25
JOSE LUIS RIVERA,24,53.8
JEAN CARLOS RIVERA,3,33.3
MICHEL RIVERA,15,68.8
JANIEL RIVERA,17,41.2
ALBERTO RIVERO,6,16.7
LAMONT ROACH JR,21,33.3
RAY ROBINSON,29,41.4
SUGAR RAY ROBINSON,200,54.5
MAXIMILIANO HERNAN ROBLEDO,2,0
TOMAS BAUTISTA ROBLEDO,1,0
MANNY ROBLES,9,44.4
RUDY ROBLES,66,25.8
SERGIO MATIAS ROCHA,1,0
ERNIE RODERICK,140,32.1
RAUL RODRIGUEZ,82,39.8
EDWIN RODRIGUEZ,9,40
DAIANA RODRIGUEZ,2,0
RONALD ALEXANDER RODRIGUEZ,1,0
EMMANUEL RODRIGUEZ,20,54.5
LUIS MANUEL RODRIGUEZ,120,40.5
JOSE RODRIGUEZ JR,1,100
JESUS M ROJAS,32,60.6
MANUEL REY ROJAS,12,16.7
MARCELO DAMIAN ROJAS,1,0
TOMAS ROJAS,71,47.2
HUGO ALBERTO ROLDAN,19,36.8
LUIS ROLON,24,50
DANIEL ROMAN,31,31.3
MIGUEL ROMAN,75,62.7
EVGENY ROMANOV,12,66.7
STEVE ROMERO,26,53.8
VALENTÍN RODRIGO ROMERO,1,0
GUIDO JOEL ROMERO,4,0
ROLANDO FLORENCIO ROMERO,6,83.3
ENZO LEONARDO ALEXANDER ROMERO,1,0
FRANK ROPIS,52,34.6
JOSE ANGEL GABRIEL ROSA,15,80
LUIS ROSADO,35,57.1
GABRIEL ROSADO,38,34.1
JORGE ROSALES,62,38.1
JEISON ROSARIO,20,52.4
BRIAN ROSE,31,24.2
RUSTY ROSENBERGER,28,34.5
MAXIE ROSENBLOOM,296,6.4
GIANFRANCO ROSI,69,25.7
RENZ ROSIA,15,26.7
BARNEY ROSS,81,27.2
DERRIC ROSSY,43,32.6
GUSTAVE ROTH,136,18.2
MICK ROWLEY,25,28
DONOVAN RUDDOCK,46,65.2
RAFAEL RUELAS,57,73.7
MOISES RUFINO,2,0
MAXIMO ANTONIO RUGAMA CERDAS,3,100
JOHN RUIZ,54,54.5
JOSE RUIZ,26,34.6
CLAUDIA VERONICA RUIZ,2,0
RODRIGO FABIAN RUIZ,11,81.8
RUBEN RUIZ,60,13.3
ANDY RUIZ JR,35,62.9
GARY RUSSELL JR,32,56.3
JOHN RYDER,33,48.5
SILVIO MAURICIO SABATTINO,6,16.7
MIKE SACCHETTI,26,15.4
JOHNNY SACCO,17,23.5
SANDY SADDLER,162,63.6
KEVIN LELE SADJO,15,93.3
LEO SAENZ,40,45
VEERAPHOL SAHAPROM,72,63.9
JAMA SAIDI,17,33.3
YUTA SAITO,25,36
PEDRO SAIZ,37,43.2
KOSUKE SAKA,23,60
UMAR SALAMOV,26,73.1
RICHARD SALAZAR,21,33.3
VICENTE SALDIVAR,40,65
FARUQ SALEEM,39,82.1
MARIQUENA SALOME SALEGA,2,0
TOMAS RICARDO SALGADO,2,50
ORLANDO SALIDO,61,47.6
SLOOM SALUMU,1,0
EXEQUIEL SANCHEZ,4,0
CARLOS AUGUSTO SANCHEZ,1,0
ENRIQUE SANCHEZ,76,51.3
FERNANDO SANCHEZ,1,0
ORIANA GRACIELA NICOLE SANCHEZ,4,0
EMILIO SANCHEZ,19,57.9
FRANK SANCHEZ,15,68.8
SALVADOR SANCHEZ,46,69.6
ANDREA SOLEDAD SANCHEZ,13,15.4
CRISTIAN SANCHEZ CALDERON,1,0
FERNANDO JOSE SANCHEZ SULZER,1,0
AL SANDS,18,72.2
DAVE SANDS,98,52
LEO SANTA CRUZ,40,47.5
EDWIN SANTANA,38,18.4
TONY SANTANA,23,47.8
ALEJANDRO SANTIAGO,25,32
ALFREDO SANTIAGO,13,23.1
GIOVANNI SANTILLAN,25,60
DIEGO RICARDO SANTILLAN,26,57.7
HUGO ALFREDO SANTILLAN JR,26,30.8
PETEY SARRON,153,16.3
VAGE SARUKHANYAN,24,16
OSCAR ANDRES SAUCEDO,1,0
ALEX SAUCEDO,30,63.3
JUAN CRUZ SAUCEDO,5,0
JONATHAN SAUCO,1,100
BILLY JOE SAUNDERS,29,48.3
KYOSUKE SAWADA,15,31.3
JOHNNY SAXTON,66,31.8
MARCOS EDUARDO SAYAL,2,0
RAY SAYERS,13,23.1
JACK SCALES,65,35.4
JESSICA SCHADKO,3,0
MAX SCHMELING,70,57.1
GUSTAV SCHOLZ,96,47.9
ERICH SCHOPPNER,40,40
TOM SCHWARZ,27,66.7
LAUREANO SCIUTO,4,75
MALIK SCOTT,41,31.7
BRUCE SCOTT,37,48.6
ANDREW SELBY,13,53.8
LEE SELBY,31,26.5
CLETUS SELDIN,26,75
EZRA SELLERS,37,70.3
GENESIS SERVANIA,27,40.7
ART SERWANO,30,30
VYACHESLAV SHABRANSKYY,15,66.7
DAVE SHADE,244,6.8
KIZEMA SHAKANGESA,6,0
WILLIE SHANNON,20,66.7
ARCHIE SHARP,17,50
OMAR SHEIKA,44,47.7
JESSE SHELBY,40,47.5
SHANE SHERIDAN,8,12.5
DAN SHERRY,28,35.7
KUNIAKI SHIBATA,56,44.6
RANDY SHIELDS,51,41.2
TONY SHUCCO,115,17.1
MARVIN SHULER,11,72.7
DANIEL SHULL,29,3.4
MATTEO SIGNANI,32,24.2
SANTANDER SILGADO,34,61.8
TONY SILKSTONE,15,6.7
IGNACIO AGUSTIN SILVA,3,0
DIEGO SILVA,2,100
YANINA SILVA,1,0
BILLY SIM,10,70
PETER SIMKO,41,4.9
RAFAYEL SIMONYAN,8,62.5
ANTHONY SIMS JR,20,85
ANDREY SIROTKIN,16,25
PAVEL SISKA,44,9.1
OLEYDONG SITHSAMERCHAI,58,36.2
LWANDILE SITYATHA,24,29.2
EDUARD SKAVINSKYY,10,45.5
CALLUM SMITH,28,67.9
JEFF SMITH,180,26.2
BUCK SMITH,202,52.9
JAMES SMITH,62,51.6
MITCHELL SMITH,11,45.5
OAKLAND BILLY SMITH,86,37.1
ERNIE SMITH,41,12.2
TOM SMITH,99,17.2
LIAM SMITH,32,50
JOE SMITH JR,29,70
YULIYA SMYZHINA,1,0
RENALDO SNIPES,48,45.8
LIBORIO SOLIS,37,35.9
BILLY SOOSE,41,34.1
NICOLAS AGUSTIN SORIA,1,0
IVAN CESAR SORIA,1,0
MICHEL SORO,38,63.2
JASON SOSA,31,51.6
JOSE RAFAEL SOSA,57,42.1
NESTOR DANIEL SOSA,3,0
JORGE RODRIGO SOSA,12,53.8
HUMBERTO SOTO,81,44.6
ALFREDO SOTO,5,60
PAVEL SOUR,14,42.9
LUCIANO SPARICO,1,0
ERROL SPENCE JR,26,77.8
MICHAEL SPINKS,32,65.6
TYRONE SPONG,12,91.7
BILL SQUIRES,33,45.5
GARY ST. GERMAIN,19,0
RICKY STACKHOUSE,42,33.3
ROGER STAFFORD,34,29.4
CHANTEL STANCIEL,26,48.1
JAMES STANTON,23,34.8
MARLON STARLING,52,50.9
FREDDIE STEELE,139,41.4
PAWEL STEPIEN,12,69.2
NIKOLA STEVANOVIC,25,32
LAURIE STEVENS,41,46.3
CURTIS STEVENS,37,59.5
ADONIS STEVENSON,32,75
SHAKUR STEVENSON,14,43.8
RUDELL STITCH,34,38.2
BERMANE STIVERNE,30,70
RICK STOCKTON,19,21.1
RICKY STONER,19,42.1
BILLY STRAUB,10,0
BRUCE STRAUSS,136,40.4
GARY STRETCH,25,56
HANS STRETZ,89,39.3
JAY STRICKLAND,31,67.7
JERRY STRICKLAND,135,3.7
CURTIS STRONG,28,35.7
JUSTO SUAREZ,28,48.3
BRAIAN NAHUEL SUAREZ,15,87.5
JAVIER SUAZO,30,33.3
ESTEURI METIVER SUERO,1,100
MACIEJ SULECKI,31,35.5
MIKE SUSKI,14,50
DANNY SUTTON,48,40
YUSUKE SUZUKI,9,36.4
LEE SWABY,56,19.6
NEIL SWAIN,24,33.3
FRANKIE SWINDELL,65,42.4
IMRE SZELLO,25,64
KAMIL SZEREMETA,22,21.7
ISTVAN SZILI,21,38.1
ARTUR SZPILKA,28,57.1
GRETA SZUCS,2,0
ANDY TABANAS,47,51.1
PEDRO TABARES,2,0
ANDREW TABITI,18,72.2
RAYMOND TABUGON,23,26.1
EMMANUEL TAGOE,32,45.5
RYOHEI TAKAHASHI,7,0
CARLOS TAKAM,44,63.6
ELTEFAT TALEBI,28,7.1
MARTIN FEDERICO TANCREDI,2,100
STEFFEN TANGSTAD,28,50
MARLON TAPALES,36,43.2
NEL TARLETON,148,28.4
ANTONIO TARVER,37,56.8
GULSUM SEYMA TATAR,2,50
THOMAS TATE,48,58.3
EDIS TATLI,35,27.8
MARCOS AGUSTIN TAUCHER,1,100
MELDRICK TAYLOR,47,42.6
JERMAIN TAYLOR,38,52.6
JOSH TAYLOR,17,76.5
KARL TAYLOR,165,2.4
BRETT TAYLOR,28,14.3
TIWON TAYLOR,50,38
PATRICK TEIXEIRA,31,64.7
LEW TENDLER,170,22.2
EDOUARD TENET,104,10.6
JAMES TENNYSON,30,74.2
JHACK TEPORA,24,68
LELA TERASHVILI,3,0
SID TERRIS,117,10.3
HIROAKI TESHIGAWARA,26,57.7
ZOLANI TETE,31,65.6
EBENEZER TETTEH,10,90
MARCEL THIL,150,36
EDDIE THOMAS,48,27.1
BILLY JOE THOMAS,33,21.2
GLENN THOMAS,37,43.2
JOHN THOMAS,66,34.8
LIONELL THOMPSON,27,42.9
KEITH THURMAN,30,71
DAVE TIBERI,28,25
DICK TIGER,82,32.9
JAMES TILLIS,65,47
FABRICE TIOZZO,50,64
ENIKO TIRINGER,3,0
EVGENY TISHCHENKO,4,40
CATRIEL TOLEDO,1,0
JAMES TONEY,88,51.1
ADRIAN TORRES,1,0
JOSE TORRES,45,64.4
AGUSTIN JUAN MANUEL TORRES,2,0
WINDELL TORRES BOLANOS,1,0
LOUIS TOUTIN,1,0
ARTIE TOWNE,108,36.7
DANNY TREVINO,25,60
GARY TRIANO,15,6.7
FELIX TRINIDAD,45,77.8
AUSTIN TROUT,38,47.4
WILLIE TROY,41,56.1
JAVIER TROYANO RODRIGUEZ,1,0
CALEB TRUAX,38,45.2
COURAGE TSHABALALA,30,73.3
REX TSO,15,56.3
PANAGIOTIS TSOCHATARIDIS,1,100
TIM TSZYU,4,40
KOSTYA TSZYU,33,73.5
DAVID TUA,59,72.9
TONY TUBBS,57,44.1
GENE TUNNEY,84,56.5
FABIO TURCHI,18,72.2
JOHNNY TURNER,50,64
GIL TURNER,77,45.5
RANDOLPH TURPIN,75,60
IRVING GUSTAVO TURRUBIARTES,2,0
SANNA TURUNEN,12,8.3
SOPIO TUSIASHVILI,3,0
MIKE TYSON,56,74.6
YORDENIS UGAS,29,41.4
JUERGEN ULDEDAJ,8,12.5
YVES ULYSSE JR,20,45
MARK URVANOV,14,33.3
OLEKSANDR USYK,18,72.2
JOSE UZCATEGUI,33,70.6
LEONARDO DAVID UZCATEGUI,2,0
DANILO VACA,1,100
RODRIGO VALDES,74,58.1
OSCAR VALDEZ,29,67.7
MAURICIO VALENCIA,3,66.7
TONY VALENTI,34,58.8
NIKOLAY VALUEV,52,64.2
CHRIS VAN HEERDEN,31,38.7
BEP VAN KLAVEREN,110,19.1
MATT VANDA,61,41
VARDGES VARDAN VARDANYAN,6,14.3
SAMUEL VARGAS,38,35.9
FERNANDO VARGAS,31,71
JESSIE VARGAS,34,32.4
FRANCISCO VARGAS,30,60
REY VARGAS,34,64.7
SEBASTIAN VARGAS ARGUEDAS,1,0
JOAQUIN HUMBERTO VARGAS MEDINA,1,0
ALVIN VARMALL JR,5,80
VALENTIN VAZQUEZ,2,0
DAVID VEDDER,53,5.7
CORNELIO VEGA,75,28
MARTIN OSVALDO DE LOS RIOS VEGA,1,0
ERIK VEGA ORTIZ,17,52.9
JOSE VELASQUEZ,35,51.4
CRISTOFER KEMPES VELASQUEZ,2,0
ANDRIY VELYKOVSKIY,15,60
ANDY VENCES,25,48
CHRIS VENDOLA,17,64.7
ENRICO VENTURI,94,7.4
GUSTAVO VERA,16,43.8
FELIX VERDEJO,28,60.7
NICOLAS AGUSTIN VERGARA,2,50
JOE CJ VESCIO,14,57.1
AMILCAR VIDAL,15,80
FLORENCIA VILLALBA,3,0
DANIEL VILLALOBOS RAMIREZ,1,0
ROBERT VILLEMAIN,63,22.2
BRIAN VILORIA,42,50
LEONARDO OSVALDO VIRZI,4,40
BRUNO VISINTIN,89,25.6
GUSTAVO DAVID VITTORI,29,40
MAXIM VLASOV,48,53.1
ROSE VOLANTE,15,50
PATRICE VOLNY,11,54.5
MARIUSZ WACH,40,43.9
ERSKINE WADE,30,43.3
BILLY WAGNER,45,51.1
SHINGO WAKE,33,50
JERSEY JOE WALCOTT,71,45.1
MICKEY WALKER,162,36.6
OTTO WALLIN,21,56.5
LIAM WALSH,22,63.6
RYAN WALSH,30,41.9
NICHOLAS WALTERS,28,72.4
ANACLET WAMBA,49,46.9
MARTIN JOSEPH WARD,27,40.7
STEVE WARD,58,1.7
MICKY WARD,51,52.9
THOMAS PATRICK WARD,29,13.8
ANDRE WARD,32,50
RAU'SHEE WARREN,20,18.2
JOSH WARRINGTON,30,23.3
GERALD WASHINGTON,25,52
PETER WATERMAN,47,70.2
PHIL WATFORD,25,8
SEAMAN TOMMY WATSON,123,22
ARTHUR WEATHERS,39,47.5
SPIDER WEBB,40,47.5
MARK WEINMAN,16,62.5
SCOTT WELCH,26,65.4
RICHIE WENTON,30,33.3
RYAN WHEELER,1,0
PERNELL WHITAKER,45,37
SLUGGER WHITE,62,20.3
PAUL WHITTAKER,31,71
DILLIAN WHYTE,29,58.1
JIMMY WILDE,148,66.4
DEONTAY WILDER,44,93.2
RAY WILDING,49,66
TRAMAINE WILLIAMS,19,30
SHERMAN WILLIAMS,56,36.8
CARL WILLIAMS,40,51.2
PAUL WILLIAMS,43,62.8
CLEVELAND WILLIAMS,92,63
IKE WILLIAMS,157,38.9
EVERALD WILLIAMS,11,27.3
CHARLEY DOC WILLIAMS,71,31
HOLMAN WILLIAMS,186,18.7
LIAM WILLIAMS,25,65.4
ROY WILLIAMS,36,61.1
JULIAN WILLIAMS,30,51.6
RODERICK WILLIS,22,36.4
KARL WILLIS,53,31.5
MARK WILLS,33,27.3
DARROLL WILSON,39,53.8
CALIFORNIA JACKIE WILSON,88,42.7
JACKIE WILSON,154,12.9
HOWARD WINSTONE,67,40.3
LUCAS WINTER,1,0
KRZYSZTOF WLODARCZYK,63,61.9
PATRICK WOJCICKI,3,0
MIDGET WOLGAST,215,7.9
PONGSAKLEK WONJONGKAM,96,47.9
LEIGH WOOD,17,47.1
RONALD WRIGHT,58,43.1
BILLY WRIGHT,55,76.4
CHALKY WRIGHT,226,36.2
RICCI WYNNE,16,50
CAN XU,20,15
GAMAL YAFAI,18,55.6
KENYA YAMASHITA,9,44.4
MUKHAMMADKHUJA YAQUBOV,11,54.5
ANTHONY YARDE,20,90
TEDDY YAROSZ,128,13.3
TOMMY YAROSZ,92,18.5
BRIAN YATES,102,5.9
DANIYAR YELEUSSINOV,2,50
AIDOS YERBOSSYNULY,8,50
ANTHONY YIGIT,25,32
AVNI YILDIRIM,23,50
HECTOR ADOLFO YNOCENTE,2,0
TONY YOKA,0,0
DAUD CINO YORDAN,44,62.2
DANIEL AGUSTIN ZABALA,3,0
FLORENCIA NICOLE ZALAZAR,3,0
TONY ZALE,87,51.7
MIRLENY ZAMBRANO,1,0
CARLOS ZAMBRANO,27,40.7
MAXIMILIANO ZARATE,3,0
CARLOS ZARATE,70,90
RUDY ZAVALA,35,60
WILLIAM ZEPEDA,10,100
JOSE ZEPEDA,34,67.6
MICHAEL ZERAFA,31,51.6
TYRON ZEUGE,27,48.3
MIKAEL ZEWSKI,36,62.2
ZHANG ZHILEI,1,33.3
SAMIR ZIANI,35,16.7
FRITZIE ZIVIC,233,35.2
MARIJA ZIVKOVIC,1,0
ARTUR ZIYATDINOV,11,63.6
DEJAN ZLATICANIN,26,61.5
JUAN ROLANDO ZORRILLA,1,100
STEVE ZOUSKI,49,30.6
VERONICA ZULUAGA,3,33.3
JUAN ZURITA,154,29.9
ALFONSO ZVENYIKA LAMBARDA,31,31.3
